[
       {
        "id": 2,
        "text": "Welcome To Suppple Bot",
        "messageType": "Text",
        "imageUrl": "",
        "nextMessageId": 3,
        "option1": "",
        "option1_nextMessageId": "",
        "option2": "",
        "option2_nextMessageId": "",
        "option3": "",
        "option3_nextMessageId": "",
        "option4": "",
        "option4_nextMessageId": "",
        "option5": "",
        "option5_nextMessageId": "",
        "option6": "",
        "option6_nextMessageId": ""
    },
    {
        "id": 3,
        "text": "Can We Assist You?",
        "messageType": "Question",
        "imageUrl": "",
        "nextMessageId": "",
        "option1": "Yes",
        "option1_nextMessageId": 4,
        "option2": "No",
        "option2_nextMessageId": 40,
        "option3": "",
        "option3_nextMessageId": "",
        "option4": "",
        "option4_nextMessageId": "",
        "option5": "",
        "option5_nextMessageId": "",
        "option6": "",
        "option6_nextMessageId": ""
    },
    {
        "id": 4,
        "text": "What are you looking for?",
        "messageType": "Question",
        "imageUrl": "",
        "nextMessageId": "",
        "option1": "Internship",
        "option1_nextMessageId": 38,
        "option2": "IQ",
        "option2_nextMessageId": 9,
        "option3": "Quark",
        "option3_nextMessageId": 11,
        "option4": "Cosmos",
        "option4_nextMessageId": 14,
        "option5": "Discuss",
        "option5_nextMessageId": 16,
        "option6": "FAQ",
        "option6_nextMessageId": 17
    },
    {
        "id": 5,
        "text": "Currently We Provide Following Internship",
        "messageType": "Question",
        "imageUrl": "",
        "nextMessageId": "",
        "option1": "Software Developer Internship",
        "option1_nextMessageId": 6,
        "option2": "Algorithm & Data Structure Developer Internship",
        "option2_nextMessageId": 6,
        "option3": "Machine Learning Developer Internship",
        "option3_nextMessageId": 6,
        "option4": "Research Scientist Internship",
        "option4_nextMessageId": 6
    },
    {
        "id": 6,
        "text": "Please visit our website to apply for an internship",
        "messageType": "Text",
        "imageUrl": "",
        "nextMessageId": 7,
        "option1": "",
        "option1_nextMessageId": ""
    },
    {
        "id": 7,
        "text": "",
        "messageType": "Text",
        "imageUrl": "https://discourse.opengenus.org/t/internship-guidelines-at-opengenus/2335",
        "nextMessageId": 8,
        "option1": "",
        "option1_nextMessageId": ""
    },
    {
        "id": 8,
        "text": "Do you wish to continue?",
        "messageType": "Question",
        "imageUrl": "",
        "nextMessageId": "",
        "option1": "Yes",
        "option1_nextMessageId": 4,
        "option2": "No",
        "option2_nextMessageId": 40,
        "option3": "",
        "option3_nextMessageId": ""
    },
    {
        "id": 9,
        "text": "The IQ helps you learn every topic in computing in an intuitive way.",
        "messageType": "Text",
        "imageUrl": "",
        "nextMessageId": 10,
        "option1": "",
        "option1_nextMessageId": ""
    },
    {
        "id": 10,
        "text": "",
        "messageType": "Text",
        "imageUrl": "https://iq.opengenus.org/",
        "nextMessageId": 8,
        "option1": "",
        "option1_nextMessageId": "",
        "option2": "",
        "option2_nextMessageId": ""
    },
    {
        "id": 11,
        "text": "OpenGenus Quark is the world's first offline search engine.",
        "messageType": "Text",
        "imageUrl": "",
        "nextMessageId": 12,
        "option1": "",
        "option1_nextMessageId": "",
        "option2": "",
        "option2_nextMessageId": ""
    },
    {
        "id": 12,
        "text": "You can search codes even when you are not connected to the internet.",
        "messageType": "Text",
        "imageUrl": "",
        "nextMessageId": 13,
        "option1": "",
        "option1_nextMessageId": "",
        "option2": "",
        "option2_nextMessageId": ""
    },
    {
        "id": 13,
        "text": "You can find it in the Chrome Web Store.",
        "messageType": "Text",
        "imageUrl": "",
        "nextMessageId": 37,
        "option1": "",
        "option1_nextMessageId": "",
        "option2": "",
        "option2_nextMessageId": ""
    },
    {
        "id": 14,
        "text": "The Cosmos is your own offline collection of all algorithms and data structures.",
        "messageType": "Text",
        "imageUrl": "",
        "nextMessageId": 15,
        "option1": "",
        "option1_nextMessageId": "",
        "option2": "",
        "option2_nextMessageId": ""
    },
    {
        "id": 15,
        "text": "This includes solutions in C, C++, Java, JavaScript, Swift, Python, Go, and other languages.",
        "messageType": "Text",
        "imageUrl": "",
        "nextMessageId": 35,
        "option1": "",
        "option1_nextMessageId": "",
        "option2": "",
        "option2_nextMessageId": ""
    },
    {
        "id": 16,
        "text": "On Which Topic To Want To Discuss ?",
        "messageType": "Question",
        "imageUrl": "",
        "nextMessageId": "",
        "option1": "How To Contribute to your project ?",
        "option1_nextMessageId": 29,
        "option2": "How To Become Writer at OpenGenus ?",
        "option2_nextMessageId": 18,
        "option3": "What Are the Internship Guideliness ? ",
        "option3_nextMessageId": 21,
        "option4": "How to use OpenGenus Task Lists ?",
        "option4_nextMessageId": 27,
        "option5": "How To Track My internship ?",
        "option5_nextMessageId": 34,
        "option6": "How to Get Free Book ?",
        "option6_nextMessageId": 24
    },
    {
        "id": 17,
        "text": "From our FAQ's",
        "messageType": "Question",
        "imageUrl": "",
        "nextMessageId": "",
        "option1": "What is OpenGenus?",
        "option1_nextMessageId": 30,
        "option2": "Who is Owner of OpenGenus",
        "option2_nextMessageId": 32,
        "option3": "Are You Bot or Human ?",
        "option3_nextMessageId": 33,
        "option4": "Other ?",
        "option4_nextMessageId": 39
    },
    {
        "id": 18,
        "text": "OpenGenus provide an opportunity to become writer and contribute to society.",
        "messageType": "Text",
        "imageUrl": "",
        "nextMessageId": 19,
        "option1": "",
        "option1_nextMessageId": "",
        "option2": "",
        "option2_nextMessageId": ""
    },
    {
        "id": 19,
        "text": "Hence, we have a large list of possible contribution topics to contribute.",
        "messageType": "Text",
        "imageUrl": "",
        "nextMessageId": 20,
        "option1": "",
        "option1_nextMessageId": "",
        "option2": "",
        "option2_nextMessageId": ""
    },
    {
        "id": 20,
        "text": "To become a writer at OpenGenus please visit our website.",
        "messageType": "Text",
        "imageUrl": "",
        "nextMessageId": 22,
        "option1": "",
        "option1_nextMessageId": "",
        "option2": "",
        "option2_nextMessageId": ""
    },
    {
        "id": 21,
        "text": "Visit our website to learn more about OpenGenus' internship guidelines.",
        "messageType": "Text",
        "imageUrl": "",
        "nextMessageId": 22,
        "option1": "",
        "option1_nextMessageId": ""
    },
    {
        "id": 22,
        "text": "",
        "messageType": "Text",
        "imageUrl": "https://discourse.opengenus.org/t/internship-guidelines-at-opengenus/2335",
        "nextMessageId": 8,
        "option1": "",
        "option1_nextMessageId": "",
        "option2": "",
        "option2_nextMessageId": ""
    },
    {
        "id": 23,
        "text": "",
        "messageType": "Text",
        "imageUrl": "https://discourse.opengenus.org/t/internship-guidelines-at-opengenus/2335/1",
        "nextMessageId": 8,
        "option1": "",
        "option1_nextMessageId": "",
        "option2": "",
        "option2_nextMessageId": ""
    },
    {
        "id": 24,
        "text": "OpenGenus provides free books as well as the opportunity to become a co-author of books.",
        "messageType": "Text",
        "imageUrl": "",
        "nextMessageId": 25,
        "option1": "",
        "option1_nextMessageId": "",
        "option2": "",
        "option2_nextMessageId": ""
    },
    {
        "id": 25,
        "text": "To know more in detail please visit our website.",
        "messageType": "Text",
        "imageUrl": "",
        "nextMessageId": 26,
        "option1": "",
        "option1_nextMessageId": "",
        "option2": "",
        "option2_nextMessageId": ""
    },
    {
        "id": 26,
        "text": "",
        "messageType": "Text",
        "imageUrl": "https://discourse.opengenus.org/t/internship-guidelines-at-opengenus/2335",
        "nextMessageId": 8,
        "option1": "",
        "option1_nextMessageId": "",
        "option2": "",
        "option2_nextMessageId": ""
    },
    {
        "id": 27,
        "text": "This is a short guide on using the task lists for various OpenGenus projects",
        "messageType": "Text",
        "imageUrl": "",
        "nextMessageId": 28,
        "option1": "",
        "option1_nextMessageId": "",
        "option2": "",
        "option2_nextMessageId": ""
    },
    {
        "id": 28,
        "text": "",
        "messageType": "Text",
        "imageUrl": "https://discourse.opengenus.org/t/how-to-use-opengenus-task-lists/823",
        "nextMessageId": 8,
        "option1": "",
        "option1_nextMessageId": "",
        "option2": "",
        "option2_nextMessageId": ""
    },
    {
        "id": 29,
        "text": "The success of our vision depends on contribution. All forms of contributions are highly welcomed and valued.",
        "messageType": "Text",
        "imageUrl": "",
        "nextMessageId": 35,
        "option1": "",
        "option1_nextMessageId": "",
        "option2": "",
        "option2_nextMessageId": ""
    },
    {
        "id": 30,
        "text": "Our community of open-source developers is dedicated to revolutionizing the way we understand computing and making knowledge accessible offline..",
        "messageType": "Text",
        "imageUrl": "",
        "nextMessageId": 31,
        "option1": "",
        "option1_nextMessageId": "",
        "option2": "",
        "option2_nextMessageId": ""
    },
    {
        "id": 31,
        "text": "We provides services in publication, Open-Source, Computer Science, Education, Software, etc.",
        "messageType": "Text",
        "imageUrl": "",
        "nextMessageId": 32,
        "option1": "",
        "option1_nextMessageId": "",
        "option2": "",
        "option2_nextMessageId": ""
    },
    {
        "id": 32,
        "text": "The company was founded in Tokyo, Japan in September 2017 by Aditya Chatterjee and Ue Kiao",
        "messageType": "Text",
        "imageUrl": "",
        "nextMessageId": 8,
        "option1": "",
        "option1_nextMessageId": "",
        "option2": "",
        "option2_nextMessageId": ""
    },
    {
        "id": 33,
        "text": "YES, I Am AI Based Chatbot",
        "messageType": "Text",
        "imageUrl": "",
        "nextMessageId": 8,
        "option1": "",
        "option1_nextMessageId": "",
        "option2": "",
        "option2_nextMessageId": ""
    },
    {
        "id": 34,
        "text": "To Track Internship please check your mail mentioning (Internship Tracker).",
        "messageType": "Text",
        "imageUrl": "",
        "nextMessageId": 8,
        "option1": "",
        "option1_nextMessageId": "",
        "option2": "",
        "option2_nextMessageId": ""
    },
    {
        "id": 35,
        "text": "You can contribute by writing code, creating documentation and more.",
        "messageType": "Text",
        "imageUrl": "",
        "nextMessageId": 36,
        "option1": "",
        "option1_nextMessageId": "",
        "option2": "",
        "option2_nextMessageId": ""
    },
    {
        "id": 36,
        "text": "",
        "messageType": "Text",
        "imageUrl": "https://github.com/OpenGenus/cosmos-search",
        "nextMessageId": 8,
        "option1": "",
        "option1_nextMessageId": "",
        "option2": "",
        "option2_nextMessageId": ""
    },
    {
        "id": 37,
        "text": "",
        "messageType": "Text",
        "imageUrl": "https://chrome.google.com/webstore/detail/opengenus-save-page-and-s/lfoloadpfjildomeafpdopahkdaoofbn",
        "nextMessageId": 8,
        "option1": "",
        "option1_nextMessageId": "",
        "option2": "",
        "option2_nextMessageId": ""
    },
    {
        "id": 38,
        "text": "OpenGenus offers an internship program to help you take the next step in your career.",
        "messageType": "Text",
        "imageUrl": "",
        "nextMessageId": 5,
        "option1": "",
        "option1_nextMessageId": "",
        "option2": "",
        "option2_nextMessageId": ""
    },
    {
        "id": 39,
        "text": "Please Mail us at",
        "messageType": "Text",
        "imageUrl": "",
        "nextMessageId": 41,
        "option1": "",
        "option1_nextMessageId": "",
        "option2": "",
        "option2_nextMessageId": ""
    },
    {
        "id": 40,
        "text": "Thank your for visiting us.",
        "messageType": "Text",
        "imageUrl": "",
        "nextMessageId": 0,
        "option1": "",
        "option1_nextMessageId": "",
        "option2": "",
        "option2_nextMessageId": ""
    },
    {
        "id": 41,
        "text": "",
        "messageType": "Text",
        "imageUrl": "mailto:team@opengenus.org",
        "nextMessageId": 8,
        "option1": "",
        "option1_nextMessageId": "",
        "option2": "",
        "option2_nextMessageId": ""
    }
]